	dataset	lang	tokenizer	vocab_size	train	token
0	lt_en	en	en_hft_0.5k	500	33.0284309387207	216.47774982452393
1	lt_en	en	en_hft_0.75k	750	37.18236041069031	218.79085659980774
2	lt_en	en	en_hft_1.5k	1500	55.879523277282715	239.6623785495758
3	lt_en	en	en_hft_3.0k	3000	107.77193331718445	250.75789141654968
4	lt_en	en	en_hft_4.0k	4000	155.9425823688507	255.0016975402832
5	lt_en	en	en_hft_6.0k	6000	226.62774229049683	256.1475121974945
6	lt_en	en	en_hft_8.0k	8000	316.80256485939026	280.86432552337646
