	dataset	lang	tokenizer	vocab_size	train	token
0	en_hi	en	en_unigram_0.5k	500	83.24014282226562	128.69902563095093
1	en_hi	en	en_unigram_0.75k	750	88.68234300613403	135.98023533821106
2	en_hi	en	en_unigram_1.5k	1500	82.14736652374268	126.69090938568115
3	en_hi	en	en_unigram_3.0k	3000	82.69791746139526	135.8418483734131
4	en_hi	en	en_unigram_4.0k	4000	89.6457052230835	128.86155438423157
5	en_hi	en	en_unigram_6.0k	6000	88.22702145576477	127.8052589893341
6	en_hi	en	en_unigram_8.0k	8000	90.6580274105072	135.94504356384277
