	dataset	lang	tokenizer	vocab_size	train	token
0	lt_en	en	en_bpe_0.5k	500	8.015945672988892	47.78504824638367
1	lt_en	en	en_bpe_1.0k	1000	10.47726321220398	74.31485342979431
2	lt_en	en	en_bpe_2.0k	2000	10.013867855072021	72.7385926246643
3	lt_en	en	en_bpe_4.0k	4000	10.733312606811523	75.86577677726746
4	lt_en	en	en_bpe_8.0k	8000	11.868770122528076	82.51929187774658
5	lt_en	en	en_bpe_16.0k	16000	14.215688228607178	91.46743273735046
6	lt_en	en	en_bpe_32.0k	32000	15.332538843154907	75.91682291030884
