	dataset	lang	tokenizer	vocab_size	train	token
0	lt_en	en	en_unigram_0.5k	500	37.104769229888916	31.89547562599182
1	lt_en	en	en_unigram_0.75k	750	36.97898316383362	29.65270495414734
2	lt_en	en	en_unigram_1.5k	1500	37.6037015914917	28.35074472427368
3	lt_en	en	en_unigram_3.0k	3000	35.73512887954712	29.074481964111328
4	lt_en	en	en_unigram_4.0k	4000	40.19890117645264	35.60254144668579
5	lt_en	en	en_unigram_6.0k	6000	35.58699369430542	28.101192951202393
6	lt_en	en	en_unigram_8.0k	8000	36.094778060913086	27.963892698287964
