	dataset	lang	tokenizer	vocab_size	train	token
0	en_mr	mr	mr_hft_0.5k	500	4.31460428237915	5.615297317504883
1	en_mr	mr	mr_hft_0.75k	750	6.841902017593384	6.061096429824829
2	en_mr	mr	mr_hft_1.5k	1500	16.16636872291565	6.472895622253418
3	en_mr	mr	mr_hft_3.0k	3000	37.570213317871094	6.753507614135742
4	en_mr	mr	mr_hft_4.0k	4000	52.48134732246399	7.11117696762085
5	en_mr	mr	mr_hft_6.0k	6000	83.30798649787903	7.108990907669067
6	en_mr	mr	mr_hft_8.0k	8000	115.60841035842896	7.358502388000488
