	dataset	lang	tokenizer	vocab_size	train	token
0	en_mr	en	en_char_0.141k	141	0.10397171974182129	2.2047080993652344
1	en_mr	mr	mr_char_0.141k	141	0.11252069473266602	2.4379730224609375
