	dataset	lang	tokenizer	vocab_size	train	token
0	en_mr	en	en_hft_0.5k	500	3.6061742305755615	5.79146146774292
1	en_mr	en	en_hft_0.75k	750	5.042564153671265	5.956744432449341
2	en_mr	en	en_hft_1.5k	1500	12.927974224090576	6.483180522918701
3	en_mr	en	en_hft_3.0k	3000	32.77639102935791	6.964923143386841
4	en_mr	en	en_hft_4.0k	4000	46.07714772224426	6.980424642562866
5	en_mr	en	en_hft_6.0k	6000	75.61043453216553	7.184331893920898
6	en_mr	en	en_hft_8.0k	8000	108.90301823616028	7.291697025299072
