	lang	tokenizer	vocab_size	train	token
0	am	am_hft_0.5k	500	9.75405216217041	4.83869194984436
1	am	am_hft_0.75k	750	14.466601610183716	4.9958109855651855
2	am	am_hft_1.5k	1500	30.611539125442505	5.545845985412598
3	am	am_hft_3.0k	3000	65.36974477767944	5.584714412689209
4	am	am_hft_4.0k	4000	97.35523676872253	5.965328693389893
5	am	am_hft_6.0k	6000	151.53537511825562	6.362091779708862
6	am	am_hft_8.0k	8000	206.03613209724426	6.212359428405762
