	lang	tokenizer	vocab_size	train	token
0	am	am_unigram_hft_pretok_0.5k	500	2.601158618927002	1.5034327507019043
1	am	am_unigram_hft_pretok_0.75k	750	2.3329408168792725	1.4881317615509033
2	am	am_unigram_hft_pretok_1.5k	1500	2.6035304069519043	1.724687099456787
3	am	am_unigram_hft_pretok_3.0k	3000	2.1366052627563477	1.6201550960540771
4	am	am_unigram_hft_pretok_4.0k	4000	2.183711290359497	1.4251573085784912
5	am	am_unigram_hft_pretok_6.0k	6000	2.194164991378784	1.4823088645935059
6	am	am_unigram_hft_pretok_8.0k	8000	1.7553389072418213	1.3368499279022217
