	lang	tokenizer	vocab_size	train	token
0	ar	ar_hft_0.5k	500	8.725759744644165	5.647155523300171
1	ar	ar_hft_0.75k	750	12.735081672668457	5.712983131408691
2	ar	ar_hft_1.5k	1500	25.85354471206665	6.2904052734375
3	ar	ar_hft_3.0k	3000	51.604339361190796	6.551397085189819
4	ar	ar_hft_4.0k	4000	70.44958019256592	6.411415100097656
5	ar	ar_hft_6.0k	6000	109.79019141197205	6.842012166976929
6	ar	ar_hft_8.0k	8000	151.51816844940186	6.718759775161743
