	dataset	lang	tokenizer	vocab_size	train	token
0	ar_tr	ar	ar_hft_0.5k	500	7.653916120529175	5.544125080108643
1	ar_tr	ar	ar_hft_0.75k	750	11.296534538269043	5.616785287857056
2	ar_tr	ar	ar_hft_1.5k	1500	23.51884889602661	6.001708030700684
3	ar_tr	ar	ar_hft_3.0k	3000	51.584410190582275	6.747688293457031
4	ar_tr	ar	ar_hft_4.0k	4000	69.41198420524597	6.564360857009888
5	ar_tr	ar	ar_hft_6.0k	6000	115.5955638885498	7.08195161819458
6	ar_tr	ar	ar_hft_8.0k	8000	159.911119222641	6.732760190963745
