	lang	tokenizer	vocab_size	train	token
0	ar	ar_unigram_hft_pretok_0.5k	500	1.938378095626831	1.6652326583862305
1	ar	ar_unigram_hft_pretok_0.75k	750	1.9752895832061768	1.5022218227386475
2	ar	ar_unigram_hft_pretok_1.5k	1500	1.784625768661499	1.5388286113739014
3	ar	ar_unigram_hft_pretok_3.0k	3000	1.5307018756866455	1.3491320610046387
4	ar	ar_unigram_hft_pretok_4.0k	4000	1.5164494514465332	1.424297571182251
5	ar	ar_unigram_hft_pretok_6.0k	6000	1.43638014793396	1.3410418033599854
6	ar	ar_unigram_hft_pretok_8.0k	8000	1.491330623626709	1.5375134944915771
