	lang	tokenizer	vocab_size	train	token
0	chr	chr_hft_0.5k	500	4.888074159622192	1.5100140571594238
1	chr	chr_hft_0.75k	750	7.103887319564819	1.5770792961120605
2	chr	chr_hft_1.5k	1500	15.029046058654785	1.6622028350830078
3	chr	chr_hft_3.0k	3000	31.446727752685547	1.7672605514526367
4	chr	chr_hft_4.0k	4000	44.04461860656738	1.8262243270874023
5	chr	chr_hft_6.0k	6000	70.41335821151733	1.964965581893921
6	chr	chr_hft_8.0k	8000	100.45528292655945	1.9720673561096191
