	dataset	lang	tokenizer	vocab_size	train	token
0	cs_sv	sv	sv_hft_0.5k	500	5.8449623584747314	10.300056457519531
1	cs_sv	sv	sv_hft_0.75k	750	8.03865647315979	10.606232643127441
2	cs_sv	sv	sv_hft_1.5k	1500	16.99524688720703	11.132898569107056
3	cs_sv	sv	sv_hft_3.0k	3000	37.53373599052429	12.012610912322998
4	cs_sv	sv	sv_hft_4.0k	4000	53.484365701675415	12.20278787612915
5	cs_sv	sv	sv_hft_6.0k	6000	84.89758515357971	13.165456771850586
6	cs_sv	sv	sv_hft_8.0k	8000	125.32482528686523	13.365514755249023
