	lang	tokenizer	vocab_size	train	token
0	cs	cs_hft_0.5k	500	11.507832050323486	8.466902732849121
1	cs	cs_hft_0.75k	750	14.938624143600464	8.908878087997437
2	cs	cs_hft_1.5k	1500	30.15311312675476	9.5571448802948
3	cs	cs_hft_3.0k	3000	60.64965748786926	10.482637166976929
4	cs	cs_hft_4.0k	4000	83.48673892021179	10.471975803375244
5	cs	cs_hft_6.0k	6000	127.99089407920837	11.048187732696533
6	cs	cs_hft_8.0k	8000	173.94420337677002	10.909183502197266
