	lang	tokenizer	vocab_size	train	token
0	en	en_hft_0.5k	500	4.6650612354278564	5.49130392074585
1	en	en_hft_0.75k	750	7.089900732040405	5.480268239974976
2	en	en_hft_1.5k	1500	14.955815553665161	6.105785369873047
3	en	en_hft_3.0k	3000	33.024287700653076	6.2664995193481445
4	en	en_hft_4.0k	4000	46.583778381347656	6.354018449783325
5	en	en_hft_6.0k	6000	76.88052153587341	6.7295238971710205
6	en	en_hft_8.0k	8000	109.20062589645386	6.532268285751343
