	lang	tokenizer	vocab_size	train	token
0	en	en_bpe_hft_pretok_0.5k	500	0.2743828296661377	1.4077532291412354
1	en	en_bpe_hft_pretok_0.75k	750	0.27697062492370605	1.3741660118103027
2	en	en_bpe_hft_pretok_1.5k	1500	0.29776740074157715	1.3557634353637695
3	en	en_bpe_hft_pretok_3.0k	3000	0.36730480194091797	1.4960691928863525
4	en	en_bpe_hft_pretok_4.0k	4000	0.41736292839050293	1.482168197631836
5	en	en_bpe_hft_pretok_6.0k	6000	0.4817464351654053	1.5395572185516357
6	en	en_bpe_hft_pretok_8.0k	8000	0.5664486885070801	1.4361274242401123
