	lang	tokenizer	vocab_size	train	token
0	fi	fi_hft_0.5k	500	13.770796537399292	9.576843976974487
1	fi	fi_hft_0.75k	750	19.770559310913086	9.800004482269287
2	fi	fi_hft_1.5k	1500	37.522095680236816	11.054056882858276
3	fi	fi_hft_3.0k	3000	80.61491751670837	11.885871648788452
4	fi	fi_hft_4.0k	4000	113.85730504989624	11.561532974243164
5	fi	fi_hft_6.0k	6000	172.8113236427307	12.06119441986084
6	fi	fi_hft_8.0k	8000	235.20409035682678	12.090679407119751
