	lang	tokenizer	vocab_size	train	token
0	fi	fi_unigram_hft_pretok_0.5k	500	3.2593982219696045	2.204256772994995
1	fi	fi_unigram_hft_pretok_0.75k	750	3.2028515338897705	1.9762744903564453
2	fi	fi_unigram_hft_pretok_1.5k	1500	2.884340524673462	1.9616904258728027
3	fi	fi_unigram_hft_pretok_3.0k	3000	2.737541675567627	2.206167697906494
4	fi	fi_unigram_hft_pretok_4.0k	4000	2.4192111492156982	1.8498995304107666
5	fi	fi_unigram_hft_pretok_6.0k	6000	2.4356839656829834	1.90903639793396
6	fi	fi_unigram_hft_pretok_8.0k	8000	2.569493055343628	2.063263416290283
