	lang	tokenizer	vocab_size	train	token
0	ga	ga_hft_0.5k	500	2.8117754459381104	2.0592844486236572
1	ga	ga_hft_0.75k	750	4.4255311489105225	2.1148808002471924
2	ga	ga_hft_1.5k	1500	10.264439821243286	2.2304604053497314
3	ga	ga_hft_3.0k	3000	24.728004932403564	2.529694080352783
4	ga	ga_hft_4.0k	4000	34.7854278087616	2.417950391769409
5	ga	ga_hft_6.0k	6000	58.01833629608154	2.620137929916382
6	ga	ga_hft_8.0k	8000	82.93184685707092	2.6339914798736572
