	lang	tokenizer	vocab_size	train	token
0	hi	hi_unigram_hft_pretok_0.5k	500	1.210249662399292	0.978449821472168
1	hi	hi_unigram_hft_pretok_0.75k	750	1.1822876930236816	0.9458785057067871
2	hi	hi_unigram_hft_pretok_1.5k	1500	1.1078205108642578	0.9162876605987549
3	hi	hi_unigram_hft_pretok_3.0k	3000	1.0976109504699707	0.9168753623962402
4	hi	hi_unigram_hft_pretok_4.0k	4000	1.0581951141357422	0.8988494873046875
5	hi	hi_unigram_hft_pretok_6.0k	6000	1.0878238677978516	0.9498803615570068
6	hi	hi_unigram_hft_pretok_8.0k	8000	0.9337344169616699	0.9072949886322021
