	lang	tokenizer	vocab_size	train	token
0	hi	hi_hft_0.5k	500	7.240921974182129	3.490556240081787
1	hi	hi_hft_0.75k	750	9.905625581741333	3.8494560718536377
2	hi	hi_hft_1.5k	1500	18.74986457824707	4.136712551116943
3	hi	hi_hft_3.0k	3000	43.04886198043823	4.327138900756836
4	hi	hi_hft_4.0k	4000	58.423582553863525	4.4623143672943115
5	hi	hi_hft_6.0k	6000	96.10875701904297	4.534390687942505
6	hi	hi_hft_8.0k	8000	136.292662858963	4.726257562637329
