	lang	tokenizer	vocab_size	train	token
0	it	it_hft_0.5k	500	7.723482131958008	9.569458961486816
1	it	it_hft_0.75k	750	11.709249019622803	9.855981349945068
2	it	it_hft_1.5k	1500	22.755413055419922	10.4278244972229
3	it	it_hft_3.0k	3000	50.27186059951782	11.197124481201172
4	it	it_hft_4.0k	4000	67.97163677215576	10.943023920059204
5	it	it_hft_6.0k	6000	107.33293986320496	11.257487773895264
6	it	it_hft_8.0k	8000	143.87119483947754	11.41532301902771
