	dataset	lang	tokenizer	vocab_size	train	token
0	ja_my	my	my_hft_0.5k	500	0	10.890204191207886
1	ja_my	my	my_hft_0.75k	750	0	11.027926921844482
2	ja_my	my	my_hft_1.5k	1500	0	11.505066394805908
3	ja_my	my	my_hft_3.0k	3000	0	12.10277509689331
4	ja_my	my	my_hft_4.0k	4000	0	12.536198139190674
5	ja_my	my	my_hft_6.0k	6000	0	12.829525709152222
6	ja_my	my	my_hft_8.0k	8000	0	12.861534595489502
