	lang	tokenizer	vocab_size	train	token
0	ja	ja_hft_0.75k	750	12.094937562942505	3.647557258605957
1	ja	ja_hft_1.5k	1500	12.263895750045776	3.586777925491333
2	ja	ja_hft_3.0k	3000	94.30895352363586	4.610434055328369
3	ja	ja_hft_4.0k	4000	186.94269466400146	4.657688856124878
4	ja	ja_hft_6.0k	6000	359.2764639854431	4.908787250518799
5	ja	ja_hft_8.0k	8000	567.1044256687164	5.1922101974487305
