	lang	tokenizer	vocab_size	train	token
0	ja	ja_unigram_hft_pretok_0.75k	750	7.111047267913818	1.2346959114074707
1	ja	ja_unigram_hft_pretok_1.5k	1500	6.258442401885986	1.1593129634857178
2	ja	ja_unigram_hft_pretok_3.0k	3000	6.499842405319214	1.4173572063446045
3	ja	ja_unigram_hft_pretok_4.0k	4000	7.030539035797119	1.1890044212341309
4	ja	ja_unigram_hft_pretok_6.0k	6000	7.049837827682495	1.2179100513458252
5	ja	ja_unigram_hft_pretok_8.0k	8000	6.891315221786499	1.4167006015777588
