	lang	tokenizer	vocab_size	train	token
0	jak	jak_hft_0.5k	500	3.5613303184509277	3.933814764022827
1	jak	jak_hft_0.75k	750	5.232085466384888	3.8623228073120117
2	jak	jak_hft_1.5k	1500	11.570924758911133	4.083485126495361
3	jak	jak_hft_3.0k	3000	23.80661177635193	4.457764148712158
4	jak	jak_hft_4.0k	4000	33.18967032432556	4.417279005050659
5	jak	jak_hft_6.0k	6000	54.703537702560425	4.390938997268677
6	jak	jak_hft_8.0k	8000	78.44557189941406	4.409185886383057
