	lang	tokenizer	vocab_size	train	token
0	lt	lt_hft_0.5k	500	9.700116395950317	6.571869373321533
1	lt	lt_hft_0.75k	750	13.758492946624756	7.145482063293457
2	lt	lt_hft_1.5k	1500	32.29597997665405	7.191957235336304
3	lt	lt_hft_3.0k	3000	71.57217955589294	7.5968544483184814
4	lt	lt_hft_4.0k	4000	92.88004565238953	7.611546277999878
5	lt	lt_hft_6.0k	6000	145.351806640625	7.880667209625244
6	lt	lt_hft_8.0k	8000	197.45544505119324	8.123013257980347
