	lang	tokenizer	vocab_size	train	token
0	mr	mr_hft_0.5k	500	10.79037618637085	4.66513991355896
1	mr	mr_hft_0.75k	750	15.535984992980957	4.897812128067017
2	mr	mr_hft_1.5k	1500	30.17149066925049	5.3512959480285645
3	mr	mr_hft_3.0k	3000	60.66828632354736	5.660022258758545
4	mr	mr_hft_4.0k	4000	84.37321925163269	5.750809192657471
5	mr	mr_hft_6.0k	6000	133.99843406677246	5.981177091598511
6	mr	mr_hft_8.0k	8000	181.19880485534668	5.927471399307251
