	lang	tokenizer	vocab_size	train	token
0	mr	mr_unigram_hft_pretok_0.5k	500	1.6222784519195557	1.2364332675933838
1	mr	mr_unigram_hft_pretok_0.75k	750	1.50319504737854	1.1073086261749268
2	mr	mr_unigram_hft_pretok_1.5k	1500	1.4446239471435547	1.0481679439544678
3	mr	mr_unigram_hft_pretok_3.0k	3000	1.3126227855682373	1.0818321704864502
4	mr	mr_unigram_hft_pretok_4.0k	4000	1.4411976337432861	1.1532886028289795
5	mr	mr_unigram_hft_pretok_6.0k	6000	1.4748077392578125	1.233297348022461
6	mr	mr_unigram_hft_pretok_8.0k	8000	1.368976354598999	1.2071330547332764
