	lang	tokenizer	vocab_size	train	token
0	my	my_hft_0.5k	500	19.67323136329651	11.609606504440308
1	my	my_hft_0.75k	750	24.47796320915222	11.802478790283203
2	my	my_hft_1.5k	1500	41.25769114494324	12.808811664581299
3	my	my_hft_3.0k	3000	80.97836470603943	13.032365083694458
4	my	my_hft_4.0k	4000	109.32083106040955	13.21655797958374
5	my	my_hft_6.0k	6000	173.37240958213806	14.95503854751587
6	my	my_hft_8.0k	8000	226.74120211601257	13.714169979095459
