	lang	tokenizer	vocab_size	train	token
0	my	my_unigram_hft_pretok_0.5k	500	4.189180612564087	2.679445266723633
1	my	my_unigram_hft_pretok_0.75k	750	3.892916679382324	3.2404627799987793
2	my	my_unigram_hft_pretok_1.5k	1500	3.3284783363342285	2.5497307777404785
3	my	my_unigram_hft_pretok_3.0k	3000	3.2719061374664307	2.563899517059326
4	my	my_unigram_hft_pretok_4.0k	4000	3.202638626098633	2.5242886543273926
5	my	my_unigram_hft_pretok_6.0k	6000	2.988274097442627	2.714439630508423
6	my	my_unigram_hft_pretok_8.0k	8000	2.8522164821624756	2.7828197479248047
