	lang	tokenizer	vocab_size	train	token
0	ojb	ojb_hft_0.5k	500	6.685353994369507	1.9196746349334717
1	ojb	ojb_hft_0.75k	750	10.119456052780151	2.063730478286743
2	ojb	ojb_hft_1.5k	1500	21.02789282798767	2.1528759002685547
3	ojb	ojb_hft_3.0k	3000	46.329394817352295	2.395918130874634
4	ojb	ojb_hft_4.0k	4000	66.37902855873108	2.373354911804199
5	ojb	ojb_hft_6.0k	6000	103.5228099822998	2.4865119457244873
6	ojb	ojb_hft_8.0k	8000	144.7858021259308	2.699152708053589
