	lang	tokenizer	vocab_size	train	token
0	ojb	ojb_unigram_hft_pretok_0.5k	500	1.2851173877716064	0.6598057746887207
1	ojb	ojb_unigram_hft_pretok_0.75k	750	1.2591979503631592	0.6190850734710693
2	ojb	ojb_unigram_hft_pretok_1.5k	1500	1.2374565601348877	0.6079504489898682
3	ojb	ojb_unigram_hft_pretok_3.0k	3000	1.0468509197235107	0.5772547721862793
4	ojb	ojb_unigram_hft_pretok_4.0k	4000	0.9878394603729248	0.5553443431854248
5	ojb	ojb_unigram_hft_pretok_6.0k	6000	0.9052340984344482	0.5763542652130127
6	ojb	ojb_unigram_hft_pretok_8.0k	8000	0.8424608707427979	0.5400362014770508
