	lang	tokenizer	vocab_size	train	token
0	sv	sv_hft_0.5k	500	8.230956077575684	10.707675695419312
1	sv	sv_hft_0.75k	750	10.520048141479492	10.964421510696411
2	sv	sv_hft_1.5k	1500	20.67581081390381	11.713297128677368
3	sv	sv_hft_3.0k	3000	40.3994836807251	12.392985582351685
4	sv	sv_hft_4.0k	4000	57.25142478942871	12.956648826599121
5	sv	sv_hft_6.0k	6000	90.4003746509552	13.25154972076416
6	sv	sv_hft_8.0k	8000	128.08666133880615	12.935955286026001
