	lang	tokenizer	vocab_size	train	token
0	sv	sv_unigram_hft_pretok_0.5k	500	2.0305299758911133	2.3014345169067383
1	sv	sv_unigram_hft_pretok_0.75k	750	2.10923171043396	2.3507533073425293
2	sv	sv_unigram_hft_pretok_1.5k	1500	2.0644166469573975	2.2929422855377197
3	sv	sv_unigram_hft_pretok_3.0k	3000	2.015536069869995	2.2049989700317383
4	sv	sv_unigram_hft_pretok_4.0k	4000	1.8705086708068848	2.2991127967834473
5	sv	sv_unigram_hft_pretok_6.0k	6000	1.7791388034820557	2.5480594635009766
6	sv	sv_unigram_hft_pretok_8.0k	8000	2.311994791030884	2.76755428314209
