	lang	tokenizer	vocab_size	train	token
0	syr	syr_bpe_hft_pretok_0.5k	500	0.20778250694274902	0.5001647472381592
1	syr	syr_bpe_hft_pretok_0.75k	750	0.2923319339752197	0.5423989295959473
2	syr	syr_bpe_hft_pretok_1.5k	1500	0.2427356243133545	0.5159056186676025
3	syr	syr_bpe_hft_pretok_3.0k	3000	0.3009493350982666	0.5084228515625
4	syr	syr_bpe_hft_pretok_4.0k	4000	0.2984750270843506	0.4888129234313965
5	syr	syr_bpe_hft_pretok_6.0k	6000	0.40299081802368164	0.494016170501709
6	syr	syr_bpe_hft_pretok_8.0k	8000	0.5641782283782959	0.47063565254211426
