	lang	tokenizer	vocab_size	train	token
0	syr	syr_hft_0.5k	500	3.1647751331329346	1.5142455101013184
1	syr	syr_hft_0.75k	750	4.567922115325928	1.5749139785766602
2	syr	syr_hft_1.5k	1500	8.635868549346924	1.688361406326294
3	syr	syr_hft_3.0k	3000	18.490416526794434	1.7147483825683594
4	syr	syr_hft_4.0k	4000	26.606135606765747	1.8795137405395508
5	syr	syr_hft_6.0k	6000	42.3041558265686	1.8265938758850098
6	syr	syr_hft_8.0k	8000	60.00370001792908	1.8723292350769043
