	lang	tokenizer	vocab_size	train	token
0	zu	zu_hft_0.5k	500	7.872982740402222	2.18194317817688
1	zu	zu_hft_0.75k	750	11.347662687301636	2.394986152648926
2	zu	zu_hft_1.5k	1500	25.623845100402832	2.5301270484924316
3	zu	zu_hft_3.0k	3000	55.6563618183136	2.7863450050354004
4	zu	zu_hft_4.0k	4000	76.64306664466858	2.8747074604034424
5	zu	zu_hft_6.0k	6000	120.61027002334595	2.8844003677368164
6	zu	zu_hft_8.0k	8000	167.64242029190063	3.0426440238952637
